-- =====================================================================
-- Script de creation de la base de donnees PostgreSQL
-- Plateforme intelligente de gestion universitaire
-- Modules 5 (Notes), 6 (Absences) et 7 (Emplois du temps)
-- =====================================================================

-- Creer la base si elle n'existe pas (a executer en superuser)
-- CREATE DATABASE gestion_universite;
-- \c gestion_universite

-- ---------------------------------------------------------------------
-- Suppression des tables (dans l'ordre inverse des dependances)
-- ---------------------------------------------------------------------
DROP TABLE IF EXISTS seance_cours CASCADE;
DROP TABLE IF EXISTS paiement      CASCADE;
DROP TABLE IF EXISTS absence       CASCADE;
DROP TABLE IF EXISTS note          CASCADE;
DROP TABLE IF EXISTS inscription   CASCADE;
DROP TABLE IF EXISTS matiere       CASCADE;
DROP TABLE IF EXISTS filiere       CASCADE;
DROP TABLE IF EXISTS salle         CASCADE;
DROP TABLE IF EXISTS enseignant    CASCADE;
DROP TABLE IF EXISTS etudiant      CASCADE;

-- ---------------------------------------------------------------------
-- Tables referentielles
-- ---------------------------------------------------------------------

CREATE TABLE etudiant (
    matricule       VARCHAR(20) PRIMARY KEY,
    nom             VARCHAR(80) NOT NULL,
    prenom          VARCHAR(80) NOT NULL,
    sexe            CHAR(1)     CHECK (sexe IN ('M', 'F')),
    date_naissance  DATE,
    email           VARCHAR(120) UNIQUE,
    telephone       VARCHAR(20),
    filiere         VARCHAR(60),
    niveau          VARCHAR(10),
    annee           VARCHAR(20),
    statut          VARCHAR(20) DEFAULT 'Actif'
);

CREATE TABLE enseignant (
    id_enseignant   VARCHAR(20) PRIMARY KEY,
    nom             VARCHAR(80) NOT NULL,
    prenom          VARCHAR(80) NOT NULL,
    grade           VARCHAR(60),
    specialite      VARCHAR(120),
    departement     VARCHAR(60),
    email           VARCHAR(120) UNIQUE,
    telephone       VARCHAR(20)
);

CREATE TABLE filiere (
    id_filiere      VARCHAR(20) PRIMARY KEY,
    nom_filiere     VARCHAR(80) NOT NULL UNIQUE,
    responsable     VARCHAR(20) REFERENCES enseignant(id_enseignant)
);

CREATE TABLE matiere (
    id_matiere      VARCHAR(20) PRIMARY KEY,
    nom_matiere     VARCHAR(120) NOT NULL,
    ue              VARCHAR(80),
    coefficient     INT  CHECK (coefficient > 0),
    volume_horaire  INT  CHECK (volume_horaire >= 0),
    enseignant      VARCHAR(20) REFERENCES enseignant(id_enseignant)
);

CREATE TABLE salle (
    id_salle        VARCHAR(20) PRIMARY KEY,
    nom_salle       VARCHAR(80) NOT NULL,
    capacite        INT CHECK (capacite > 0),
    type_salle      VARCHAR(40)
);

CREATE TABLE inscription (
    id_inscription  VARCHAR(20) PRIMARY KEY,
    matricule       VARCHAR(20) REFERENCES etudiant(matricule) ON DELETE CASCADE,
    filiere         VARCHAR(60),
    niveau          VARCHAR(10),
    annee           VARCHAR(20),
    statut          VARCHAR(20),
    UNIQUE (matricule, annee)
);

-- ---------------------------------------------------------------------
-- Module 5 : Notes
-- ---------------------------------------------------------------------
CREATE TABLE note (
    id_note          VARCHAR(20) PRIMARY KEY,
    matricule        VARCHAR(20) NOT NULL REFERENCES etudiant(matricule)  ON DELETE CASCADE,
    matiere          VARCHAR(20) NOT NULL REFERENCES matiere(id_matiere)  ON DELETE CASCADE,
    controle_continu NUMERIC(5,2) CHECK (controle_continu IS NULL OR (controle_continu >= 0 AND controle_continu <= 20)),
    examen           NUMERIC(5,2) CHECK (examen           IS NULL OR (examen           >= 0 AND examen           <= 20)),
    UNIQUE (matricule, matiere)
);

CREATE INDEX idx_note_matricule ON note(matricule);
CREATE INDEX idx_note_matiere   ON note(matiere);

-- ---------------------------------------------------------------------
-- Module 6 : Absences
-- ---------------------------------------------------------------------
CREATE TABLE absence (
    id_absence      VARCHAR(20) PRIMARY KEY,
    matricule       VARCHAR(20) NOT NULL REFERENCES etudiant(matricule) ON DELETE CASCADE,
    matiere         VARCHAR(20) NOT NULL REFERENCES matiere(id_matiere) ON DELETE CASCADE,
    date_absence    DATE NOT NULL,
    heures          INT  CHECK (heures > 0),
    justifiee       BOOLEAN DEFAULT FALSE
);

CREATE INDEX idx_abs_matricule ON absence(matricule);
CREATE INDEX idx_abs_matiere   ON absence(matiere);

-- ---------------------------------------------------------------------
-- Module 7 : Emplois du temps
-- ---------------------------------------------------------------------
CREATE TABLE seance_cours (
    id_seance       VARCHAR(20) PRIMARY KEY,
    matiere         VARCHAR(20) NOT NULL REFERENCES matiere(id_matiere)    ON DELETE CASCADE,
    enseignant      VARCHAR(20) NOT NULL REFERENCES enseignant(id_enseignant),
    salle           VARCHAR(20) NOT NULL REFERENCES salle(id_salle),
    jour            VARCHAR(15) NOT NULL,
    heure_debut     TIME NOT NULL,
    heure_fin       TIME NOT NULL,
    filiere         VARCHAR(60),
    niveau          VARCHAR(10),
    CHECK (heure_fin > heure_debut)
);

CREATE INDEX idx_seance_jour ON seance_cours(jour);
CREATE INDEX idx_seance_salle ON seance_cours(salle);
CREATE INDEX idx_seance_ens   ON seance_cours(enseignant);

-- ---------------------------------------------------------------------
-- Module 8 : Paiements
-- ---------------------------------------------------------------------
DROP TABLE IF EXISTS paiement CASCADE;
CREATE TABLE paiement (
    id_paiement     VARCHAR(20) PRIMARY KEY,
    matricule       VARCHAR(20) NOT NULL REFERENCES etudiant(matricule) ON DELETE CASCADE,
    montant_total   NUMERIC(12,2) CHECK (montant_total >= 0),
    montant_paye    NUMERIC(12,2) CHECK (montant_paye  >= 0),
    date_paiement   DATE,
    mode            VARCHAR(40)
);

CREATE INDEX idx_paie_matricule ON paiement(matricule);

-- =====================================================================
-- Donnees initiales
-- =====================================================================

INSERT INTO enseignant VALUES
 ('ENS001','KOFFI','Daniel','Docteur','Scala et Big Data','Informatique','daniel.koffi@univ.edu','0100000001'),
 ('ENS002','OUATTARA','Marie','Maitre Assistant','Bases de donnees','Informatique','marie.ouattara@univ.edu','0100000002'),
 ('ENS003','KONE','Ibrahim','Professeur','Intelligence Artificielle','Data Science','ibrahim.kone@univ.edu','0100000003'),
 ('ENS004','ADOU','Carine','Docteur','Cybersecurite','Cybersecurite','carine.adou@univ.edu','0100000004'),
 ('ENS005','YAPO','Michel','Docteur','Systemes distribues','Informatique','michel.yapo@univ.edu','0100000005');

INSERT INTO filiere VALUES
 ('FIL001','Informatique','ENS001'),
 ('FIL002','Data Science','ENS003'),
 ('FIL003','Cybersecurite','ENS004');

INSERT INTO matiere VALUES
 ('MAT001','Programmation Scala','UE Programmation',4,36,'ENS001'),
 ('MAT002','Bases de donnees avancees','UE Donnees',3,30,'ENS002'),
 ('MAT003','Big Data','UE Donnees',4,36,'ENS005'),
 ('MAT004','Machine Learning','UE Intelligence Artificielle',4,36,'ENS003'),
 ('MAT005','Cryptographie','UE Cybersecurite',3,30,'ENS004'),
 ('MAT006','Systemes distribues','UE Architecture',3,30,'ENS005');

INSERT INTO etudiant VALUES
 ('ETU001','KOFFI','Jean','M','2001-04-12','jean.koffi@mail.com','0700000001','Informatique','M1','2025-2026','Actif'),
 ('ETU002','KOUAME','Aya','F','2002-07-20','aya.kouame@mail.com','0700000002','Informatique','M1','2025-2026','Actif'),
 ('ETU003','TRAORE','Moussa','M','2000-11-05','moussa.traore@mail.com','0700000003','Data Science','M1','2025-2026','Actif'),
 ('ETU004','DIABATE','Fatou','F','2001-09-14','fatou.diabate@mail.com','0700000004','Cybersecurite','M1','2025-2026','Actif'),
 ('ETU005','AKA','Eric','M','1999-02-18','eric.aka@mail.com','0700000005','Informatique','M2','2025-2026','Actif'),
 ('ETU006','YAO','Clarisse','F','2002-01-30','clarisse.yao@mail.com','0700000006','Data Science','M1','2025-2026','Actif'),
 ('ETU007','NGUESSAN','Paul','M','2001-05-10','paul.nguessan@mail.com','0700000007','Cybersecurite','M2','2025-2026','Suspendu'),
 ('ETU008','COULIBALY','Mariam','F','2000-03-22','mariam.coulibaly@mail.com','0700000008','Informatique','M1','2025-2026','Actif'),
 ('ETU009','BAMBA','Serge','M','2002-06-08','serge.bamba@mail.com','0700000009','Data Science','M2','2025-2026','Actif'),
 ('ETU010','GNAGNE','Estelle','F','2001-12-01','estelle.gnagne@mail.com','0700000010','Cybersecurite','M1','2025-2026','Actif');

INSERT INTO salle VALUES
 ('SAL001','Labo Scala',40,'Laboratoire'),
 ('SAL002','Labo Big Data',35,'Laboratoire'),
 ('SAL003','Salle A101',80,'Cours'),
 ('SAL004','Salle B202',60,'Cours'),
 ('SAL005','Amphi 1',250,'Amphitheatre');

INSERT INTO inscription VALUES
 ('INS001','ETU001','Informatique','M1','2025-2026','Validee'),
 ('INS002','ETU002','Informatique','M1','2025-2026','Validee'),
 ('INS003','ETU003','Data Science','M1','2025-2026','Validee'),
 ('INS004','ETU004','Cybersecurite','M1','2025-2026','Validee'),
 ('INS005','ETU005','Informatique','M2','2025-2026','Validee'),
 ('INS006','ETU006','Data Science','M1','2025-2026','Validee'),
 ('INS007','ETU007','Cybersecurite','M2','2025-2026','En attente'),
 ('INS008','ETU008','Informatique','M1','2025-2026','Validee'),
 ('INS009','ETU009','Data Science','M2','2025-2026','Validee'),
 ('INS010','ETU010','Cybersecurite','M1','2025-2026','Validee');

-- Notes
INSERT INTO note VALUES
 ('N001','ETU001','MAT001',14,15),
 ('N002','ETU001','MAT002',12,13),
 ('N003','ETU001','MAT003',16,14),
 ('N004','ETU002','MAT001',10,12),
 ('N005','ETU002','MAT002',9,11),
 ('N006','ETU003','MAT003',15,17),
 ('N007','ETU003','MAT004',14,16),
 ('N008','ETU004','MAT005',13,15),
 ('N009','ETU004','MAT006',11,12),
 ('N010','ETU005','MAT001',17,18),
 ('N011','ETU006','MAT004',12,14),
 ('N012','ETU007','MAT005',8,9),
 ('N013','ETU008','MAT001',13,13),
 ('N014','ETU009','MAT003',16,18),
 ('N015','ETU010','MAT005',15,16);

-- Absences
INSERT INTO absence VALUES
 ('ABS001','ETU001','MAT001','2025-10-02',2,FALSE),
 ('ABS002','ETU002','MAT001','2025-10-03',2,TRUE),
 ('ABS003','ETU003','MAT003','2025-10-05',4,FALSE),
 ('ABS004','ETU004','MAT005','2025-10-07',2,FALSE),
 ('ABS005','ETU005','MAT001','2025-10-10',2,TRUE),
 ('ABS006','ETU006','MAT004','2025-10-11',4,FALSE),
 ('ABS007','ETU007','MAT005','2025-10-12',6,FALSE),
 ('ABS008','ETU008','MAT001','2025-10-15',2,FALSE),
 ('ABS009','ETU009','MAT003','2025-10-16',2,TRUE),
 ('ABS010','ETU010','MAT005','2025-10-18',4,FALSE);

-- Emplois du temps
INSERT INTO seance_cours VALUES
 ('SEA001','MAT001','ENS001','SAL001','Lundi','08:00','10:00','Informatique','M1'),
 ('SEA002','MAT002','ENS002','SAL003','Mardi','10:00','12:00','Informatique','M1'),
 ('SEA003','MAT003','ENS005','SAL002','Mercredi','08:00','11:00','Data Science','M1'),
 ('SEA004','MAT004','ENS003','SAL004','Jeudi','13:00','16:00','Data Science','M1'),
 ('SEA005','MAT005','ENS004','SAL003','Vendredi','08:00','10:00','Cybersecurite','M1'),
 ('SEA006','MAT006','ENS005','SAL005','Lundi','14:00','16:00','Cybersecurite','M2');

-- Paiements (Module 8)
INSERT INTO paiement VALUES
 ('PAY001','ETU001',1000000,700000,'2025-09-10','Mobile Money'),
 ('PAY002','ETU002',1000000,1000000,'2025-09-11','Banque'),
 ('PAY003','ETU003',1200000,600000,'2025-09-12','Mobile Money'),
 ('PAY004','ETU004',1200000,900000,'2025-09-13','Banque'),
 ('PAY005','ETU005',1500000,1500000,'2025-09-14','Banque'),
 ('PAY006','ETU006',1200000,500000,'2025-09-15','Mobile Money'),
 ('PAY007','ETU007',1500000,300000,'2025-09-16','Mobile Money'),
 ('PAY008','ETU008',1000000,800000,'2025-09-17','Banque'),
 ('PAY009','ETU009',1500000,1000000,'2025-09-18','Banque'),
 ('PAY010','ETU010',1200000,1200000,'2025-09-19','Mobile Money');

-- ===================================================================
-- DONNEES VOLUMINEUSES : 90 etudiants + ~300 notes + absences + paiements
-- ===================================================================

INSERT INTO etudiant VALUES
 ('ETU011','KAMARA','Jean','M','2004-02-22','jean_11@univ.ci','0783197857','Data Science','L2','2025-2026','Actif'),
 ('ETU012','YAPO','Kevin','M','2000-09-20','kevin_12@univ.ci','0713561597','Informatique','L1','2025-2026','Actif'),
 ('ETU013','YAPO','Jules','M','1999-03-23','jules_13@univ.ci','0766722344','Informatique','M1','2025-2026','Actif'),
 ('ETU014','AKA','Emma','F','2002-02-12','emma_14@univ.ci','0756164955','Informatique','L3','2025-2026','Actif'),
 ('ETU015','KAMARA','Fatou','F','2002-02-18','fatou_15@univ.ci','0749349722','Data Science','M2','2025-2026','Actif'),
 ('ETU016','ISSA','Carine','F','2001-02-28','carine_16@univ.ci','0741244663','Informatique','L1','2025-2026','Actif'),
 ('ETU017','BAMBA','Boris','M','2001-04-22','boris_17@univ.ci','0745833156','Data Science','L3','2025-2026','Actif'),
 ('ETU018','GORE','Luc','M','2000-08-13','luc_18@univ.ci','0746231783','Informatique','M2','2025-2026','Actif'),
 ('ETU019','NDIAYE','Koffi','M','2001-07-09','koffi_19@univ.ci','0718883684','Informatique','L2','2025-2026','Actif'),
 ('ETU020','PAYE','Kevin','M','2002-07-21','kevin_20@univ.ci','0771586053','Cybersecurite','L3','2025-2026','Actif'),
 ('ETU021','AKA','Daniel','M','2004-10-14','daniel_21@univ.ci','0788320463','Informatique','M2','2025-2026','Actif'),
 ('ETU022','COULIBALY','Hana','F','1999-02-05','hana_22@univ.ci','0794214382','Informatique','M2','2025-2026','Actif'),
 ('ETU023','FOFANA','Didier','M','2002-09-09','didier_23@univ.ci','0784252722','Informatique','M1','2025-2026','Actif'),
 ('ETU024','HAIDARA','Eric','M','2001-02-10','eric_24@univ.ci','0768353204','Cybersecurite','L3','2025-2026','Actif'),
 ('ETU025','KOFFI','Fabrice','M','2000-09-04','fabrice_25@univ.ci','0793926371','Cybersecurite','L3','2025-2026','Diplome'),
 ('ETU026','FOFANA','Mia','F','2000-09-25','mia_26@univ.ci','0781182864','Informatique','L2','2025-2026','Actif'),
 ('ETU027','OUATTARA','Luc','M','2001-05-08','luc_27@univ.ci','0717774584','Data Science','L1','2025-2026','Actif'),
 ('ETU028','TRAORE','Kevin','M','2003-03-05','kevin_28@univ.ci','0798550256','Informatique','M1','2025-2026','Actif'),
 ('ETU029','YAO','Nina','F','2002-04-18','nina_29@univ.ci','0736998038','Data Science','M2','2025-2026','Suspendu'),
 ('ETU030','HAIDARA','Iris','F','2003-08-04','iris_30@univ.ci','0743273328','Cybersecurite','L3','2025-2026','Actif'),
 ('ETU031','OUATTARA','Moussa','M','2003-04-01','moussa_31@univ.ci','0719528530','Informatique','M2','2025-2026','Actif'),
 ('ETU032','TRAORE','Michel','M','2000-05-22','michel_32@univ.ci','0775151231','Informatique','L3','2025-2026','Actif'),
 ('ETU033','AKA','Jules','M','2000-08-26','jules_33@univ.ci','0764634663','Cybersecurite','M2','2025-2026','Actif'),
 ('ETU034','DIABATE','Eric','M','2002-08-28','eric_34@univ.ci','0717270733','Cybersecurite','M1','2025-2026','Actif'),
 ('ETU035','ADOU','Kofi','M','1999-04-07','kofi_35@univ.ci','0735529407','Cybersecurite','L3','2025-2026','Actif'),
 ('ETU036','YAPO','Estelle','F','1999-08-26','estelle_36@univ.ci','0783863413','Informatique','L3','2025-2026','Actif'),
 ('ETU037','GORE','Kofi','M','2000-03-14','kofi_37@univ.ci','0775181648','Cybersecurite','L1','2025-2026','Diplome'),
 ('ETU038','OULAI','Carine','F','1999-07-09','carine_38@univ.ci','0771070189','Data Science','L1','2025-2026','Actif'),
 ('ETU039','ISSA','Julie','F','2002-03-07','julie_39@univ.ci','0749823450','Cybersecurite','M2','2025-2026','Actif'),
 ('ETU040','DEMBELE','Kofi','M','2001-01-02','kofi_40@univ.ci','0788406989','Cybersecurite','M2','2025-2026','Actif'),
 ('ETU041','QUAYE','Mia','F','2003-02-28','mia_41@univ.ci','0734941004','Cybersecurite','L2','2025-2026','Actif'),
 ('ETU042','TRAORE','Luc','M','2003-04-19','luc_42@univ.ci','0789795010','Cybersecurite','L2','2025-2026','Actif'),
 ('ETU043','TRAORE','Luc','M','2001-05-07','luc_43@univ.ci','0799889098','Data Science','M2','2025-2026','Actif'),
 ('ETU044','BAMBA','Diane','F','2001-08-11','diane_44@univ.ci','0719736572','Data Science','L2','2025-2026','Actif'),
 ('ETU045','FOFANA','Fabrice','M','2000-09-09','fabrice_45@univ.ci','0727778019','Cybersecurite','L1','2025-2026','Actif'),
 ('ETU046','PAYE','Clarisse','F','2002-09-23','clarisse_46@univ.ci','0750603163','Informatique','L3','2025-2026','Actif'),
 ('ETU047','GNAGNE','Jules','M','2000-05-04','jules_47@univ.ci','0724366125','Cybersecurite','L1','2025-2026','Suspendu'),
 ('ETU048','GNAGNE','Daniel','M','2000-11-21','daniel_48@univ.ci','0745431319','Cybersecurite','L2','2025-2026','Actif'),
 ('ETU049','PAYE','Emma','F','2001-01-01','emma_49@univ.ci','0754769200','Informatique','L1','2025-2026','Actif'),
 ('ETU050','YAO','Daniel','M','2002-09-01','daniel_50@univ.ci','0725015458','Cybersecurite','M1','2025-2026','Actif'),
 ('ETU051','CISSE','Paul','M','2000-07-05','paul_51@univ.ci','0715614174','Informatique','L3','2025-2026','Actif'),
 ('ETU052','PAYE','Hana','F','2000-11-04','hana_52@univ.ci','0757469942','Informatique','L3','2025-2026','Actif'),
 ('ETU053','QUAYE','Estelle','F','2000-07-01','estelle_53@univ.ci','0734073380','Informatique','L2','2025-2026','Diplome'),
 ('ETU054','MANDE','Julie','F','2004-02-13','julie_54@univ.ci','0715197528','Cybersecurite','L2','2025-2026','Actif'),
 ('ETU055','NGUESSAN','Diane','F','2000-04-01','diane_55@univ.ci','0798588154','Data Science','L3','2025-2026','Actif'),
 ('ETU056','OUATTARA','Boris','M','2001-06-21','boris_56@univ.ci','0778371272','Data Science','L1','2025-2026','Diplome'),
 ('ETU057','OUATTARA','Nina','F','2001-03-19','nina_57@univ.ci','0745630292','Informatique','L1','2025-2026','Suspendu'),
 ('ETU058','FOFANA','Eric','M','2001-07-20','eric_58@univ.ci','0778642041','Data Science','L3','2025-2026','Actif'),
 ('ETU059','PAYE','Boris','M','2004-07-01','boris_59@univ.ci','0779782527','Cybersecurite','L2','2025-2026','Actif'),
 ('ETU060','YAPO','Ange','M','2004-02-24','ange_60@univ.ci','0750308572','Informatique','L3','2025-2026','Actif'),
 ('ETU061','OUATTARA','Julie','F','2000-07-22','julie_61@univ.ci','0760888017','Data Science','L3','2025-2026','Actif'),
 ('ETU062','DEMBELE','Luc','M','1999-05-10','luc_62@univ.ci','0738210242','Data Science','M1','2025-2026','Actif'),
 ('ETU063','TOURE','Grace','F','2003-08-26','grace_63@univ.ci','0732775593','Data Science','M1','2025-2026','Actif'),
 ('ETU064','BALLO','Yao','M','2000-11-10','yao_64@univ.ci','0740150759','Cybersecurite','M2','2025-2026','Actif'),
 ('ETU065','KOFFI','Paul','M','2003-02-15','paul_65@univ.ci','0765625330','Informatique','L2','2025-2026','Diplome'),
 ('ETU066','DIALLO','Boris','M','2004-01-25','boris_66@univ.ci','0724305904','Data Science','L2','2025-2026','Actif'),
 ('ETU067','YAO','Diane','F','2003-04-28','diane_67@univ.ci','0726288475','Cybersecurite','M2','2025-2026','Actif'),
 ('ETU068','MANDE','Estelle','F','2003-06-25','estelle_68@univ.ci','0769401199','Data Science','M2','2025-2026','Diplome'),
 ('ETU069','TOURE','Nina','F','2000-11-09','nina_69@univ.ci','0779967676','Informatique','M1','2025-2026','Actif'),
 ('ETU070','BAMBA','Diane','F','2000-05-11','diane_70@univ.ci','0752910691','Data Science','L1','2025-2026','Actif'),
 ('ETU071','AKA','Paul','M','2004-04-03','paul_71@univ.ci','0765682626','Informatique','M1','2025-2026','Actif'),
 ('ETU072','CISSE','Grace','F','2002-07-25','grace_72@univ.ci','0788393811','Data Science','M1','2025-2026','Actif'),
 ('ETU073','ADOU','Kevin','M','2001-07-28','kevin_73@univ.ci','0766240084','Data Science','L1','2025-2026','Suspendu'),
 ('ETU074','COULIBALY','Guy','M','2002-06-22','guy_74@univ.ci','0764266464','Data Science','M1','2025-2026','Actif'),
 ('ETU075','QUAYE','Fabrice','M','2002-10-19','fabrice_75@univ.ci','0798986321','Informatique','M2','2025-2026','Actif'),
 ('ETU076','GORE','Moussa','M','2000-01-09','moussa_76@univ.ci','0760882459','Data Science','L2','2025-2026','Suspendu'),
 ('ETU077','TOURE','Carine','F','2002-05-25','carine_77@univ.ci','0766581473','Data Science','L3','2025-2026','Actif'),
 ('ETU078','DIALLO','Clarisse','F','2001-04-21','clarisse_78@univ.ci','0719209801','Informatique','M2','2025-2026','Actif'),
 ('ETU079','COULIBALY','Jean','M','2000-03-16','jean_79@univ.ci','0799853245','Informatique','L1','2025-2026','Actif'),
 ('ETU080','NGUESSAN','Kevin','M','2000-10-20','kevin_80@univ.ci','0725372341','Data Science','L3','2025-2026','Actif'),
 ('ETU081','DIABATE','Yao','M','2003-11-13','yao_81@univ.ci','0763238057','Cybersecurite','L1','2025-2026','Suspendu'),
 ('ETU082','DEMBELE','Moussa','M','2001-11-20','moussa_82@univ.ci','0726247735','Cybersecurite','L2','2025-2026','Actif'),
 ('ETU083','CISSE','Ange','M','2004-06-01','ange_83@univ.ci','0766379329','Data Science','L3','2025-2026','Actif'),
 ('ETU084','YAPO','Mariam','F','2002-03-24','mariam_84@univ.ci','0780027662','Data Science','M1','2025-2026','Actif'),
 ('ETU085','LAMINE','Nina','F','2004-10-09','nina_85@univ.ci','0753258988','Data Science','M1','2025-2026','Actif'),
 ('ETU086','BAMBA','Moussa','M','2003-10-22','moussa_86@univ.ci','0760867083','Data Science','L2','2025-2026','Actif'),
 ('ETU087','DIALLO','Aya','F','2001-05-11','aya_87@univ.ci','0747535126','Data Science','L2','2025-2026','Actif'),
 ('ETU088','KOFFI','Nina','F','2004-07-16','nina_88@univ.ci','0784514489','Cybersecurite','L2','2025-2026','Actif'),
 ('ETU089','GORE','Guy','M','1999-02-10','guy_89@univ.ci','0739742165','Cybersecurite','M1','2025-2026','Actif'),
 ('ETU090','GNAGNE','Diane','F','2003-09-12','diane_90@univ.ci','0767110154','Cybersecurite','M2','2025-2026','Actif'),
 ('ETU091','ISSA','Hana','F','2000-02-24','hana_91@univ.ci','0735848226','Data Science','L3','2025-2026','Actif'),
 ('ETU092','KAMARA','Mariam','F','2004-08-09','mariam_92@univ.ci','0789133014','Cybersecurite','L2','2025-2026','Actif'),
 ('ETU093','NDIAYE','Mariam','F','2000-05-01','mariam_93@univ.ci','0781690398','Informatique','L3','2025-2026','Actif'),
 ('ETU094','KOUAME','Daniel','M','2000-11-28','daniel_94@univ.ci','0775884623','Informatique','M2','2025-2026','Actif'),
 ('ETU095','DEMBELE','Jean','M','2001-03-02','jean_95@univ.ci','0743887075','Data Science','M1','2025-2026','Actif'),
 ('ETU096','NDIAYE','Mariam','F','2003-11-22','mariam_96@univ.ci','0717195288','Informatique','M1','2025-2026','Actif'),
 ('ETU097','MANDE','Paul','M','2000-02-18','paul_97@univ.ci','0765857931','Cybersecurite','L3','2025-2026','Actif'),
 ('ETU098','ADOU','Henri','M','2003-07-10','henri_98@univ.ci','0786320155','Data Science','M1','2025-2026','Actif'),
 ('ETU099','KAMARA','Luc','M','2001-11-03','luc_99@univ.ci','0731079846','Informatique','L2','2025-2026','Actif'),
 ('ETU100','CISSE','Serge','M','2002-12-20','serge_100@univ.ci','0773070585','Informatique','L2','2025-2026','Actif');

INSERT INTO inscription VALUES
 ('INS011','ETU011',NULL,NULL,'2025-2026','Validee'),
 ('INS012','ETU012',NULL,NULL,'2025-2026','Validee'),
 ('INS013','ETU013',NULL,NULL,'2025-2026','Validee'),
 ('INS014','ETU014',NULL,NULL,'2025-2026','Validee'),
 ('INS015','ETU015',NULL,NULL,'2025-2026','Validee'),
 ('INS016','ETU016',NULL,NULL,'2025-2026','Validee'),
 ('INS017','ETU017',NULL,NULL,'2025-2026','Validee'),
 ('INS018','ETU018',NULL,NULL,'2025-2026','Validee'),
 ('INS019','ETU019',NULL,NULL,'2025-2026','Validee'),
 ('INS020','ETU020',NULL,NULL,'2025-2026','Validee'),
 ('INS021','ETU021',NULL,NULL,'2025-2026','Validee'),
 ('INS022','ETU022',NULL,NULL,'2025-2026','Validee'),
 ('INS023','ETU023',NULL,NULL,'2025-2026','Validee'),
 ('INS024','ETU024',NULL,NULL,'2025-2026','Validee'),
 ('INS025','ETU025',NULL,NULL,'2025-2026','Validee'),
 ('INS026','ETU026',NULL,NULL,'2025-2026','Validee'),
 ('INS027','ETU027',NULL,NULL,'2025-2026','Validee'),
 ('INS028','ETU028',NULL,NULL,'2025-2026','Validee'),
 ('INS029','ETU029',NULL,NULL,'2025-2026','Validee'),
 ('INS030','ETU030',NULL,NULL,'2025-2026','Validee'),
 ('INS031','ETU031',NULL,NULL,'2025-2026','Validee'),
 ('INS032','ETU032',NULL,NULL,'2025-2026','Validee'),
 ('INS033','ETU033',NULL,NULL,'2025-2026','Validee'),
 ('INS034','ETU034',NULL,NULL,'2025-2026','Validee'),
 ('INS035','ETU035',NULL,NULL,'2025-2026','Validee'),
 ('INS036','ETU036',NULL,NULL,'2025-2026','Validee'),
 ('INS037','ETU037',NULL,NULL,'2025-2026','Validee'),
 ('INS038','ETU038',NULL,NULL,'2025-2026','Validee'),
 ('INS039','ETU039',NULL,NULL,'2025-2026','Validee'),
 ('INS040','ETU040',NULL,NULL,'2025-2026','Validee'),
 ('INS041','ETU041',NULL,NULL,'2025-2026','Validee'),
 ('INS042','ETU042',NULL,NULL,'2025-2026','Validee'),
 ('INS043','ETU043',NULL,NULL,'2025-2026','Validee'),
 ('INS044','ETU044',NULL,NULL,'2025-2026','Validee'),
 ('INS045','ETU045',NULL,NULL,'2025-2026','Validee'),
 ('INS046','ETU046',NULL,NULL,'2025-2026','Validee'),
 ('INS047','ETU047',NULL,NULL,'2025-2026','Validee'),
 ('INS048','ETU048',NULL,NULL,'2025-2026','Validee'),
 ('INS049','ETU049',NULL,NULL,'2025-2026','Validee'),
 ('INS050','ETU050',NULL,NULL,'2025-2026','Validee'),
 ('INS051','ETU051',NULL,NULL,'2025-2026','Validee'),
 ('INS052','ETU052',NULL,NULL,'2025-2026','Validee'),
 ('INS053','ETU053',NULL,NULL,'2025-2026','Validee'),
 ('INS054','ETU054',NULL,NULL,'2025-2026','Validee'),
 ('INS055','ETU055',NULL,NULL,'2025-2026','Validee'),
 ('INS056','ETU056',NULL,NULL,'2025-2026','Validee'),
 ('INS057','ETU057',NULL,NULL,'2025-2026','Validee'),
 ('INS058','ETU058',NULL,NULL,'2025-2026','Validee'),
 ('INS059','ETU059',NULL,NULL,'2025-2026','Validee'),
 ('INS060','ETU060',NULL,NULL,'2025-2026','Validee'),
 ('INS061','ETU061',NULL,NULL,'2025-2026','Validee'),
 ('INS062','ETU062',NULL,NULL,'2025-2026','Validee'),
 ('INS063','ETU063',NULL,NULL,'2025-2026','Validee'),
 ('INS064','ETU064',NULL,NULL,'2025-2026','Validee'),
 ('INS065','ETU065',NULL,NULL,'2025-2026','Validee'),
 ('INS066','ETU066',NULL,NULL,'2025-2026','Validee'),
 ('INS067','ETU067',NULL,NULL,'2025-2026','Validee'),
 ('INS068','ETU068',NULL,NULL,'2025-2026','Validee'),
 ('INS069','ETU069',NULL,NULL,'2025-2026','Validee'),
 ('INS070','ETU070',NULL,NULL,'2025-2026','Validee'),
 ('INS071','ETU071',NULL,NULL,'2025-2026','Validee'),
 ('INS072','ETU072',NULL,NULL,'2025-2026','Validee'),
 ('INS073','ETU073',NULL,NULL,'2025-2026','Validee'),
 ('INS074','ETU074',NULL,NULL,'2025-2026','Validee'),
 ('INS075','ETU075',NULL,NULL,'2025-2026','Validee'),
 ('INS076','ETU076',NULL,NULL,'2025-2026','Validee'),
 ('INS077','ETU077',NULL,NULL,'2025-2026','Validee'),
 ('INS078','ETU078',NULL,NULL,'2025-2026','Validee'),
 ('INS079','ETU079',NULL,NULL,'2025-2026','Validee'),
 ('INS080','ETU080',NULL,NULL,'2025-2026','Validee'),
 ('INS081','ETU081',NULL,NULL,'2025-2026','Validee'),
 ('INS082','ETU082',NULL,NULL,'2025-2026','Validee'),
 ('INS083','ETU083',NULL,NULL,'2025-2026','Validee'),
 ('INS084','ETU084',NULL,NULL,'2025-2026','Validee'),
 ('INS085','ETU085',NULL,NULL,'2025-2026','Validee'),
 ('INS086','ETU086',NULL,NULL,'2025-2026','Validee'),
 ('INS087','ETU087',NULL,NULL,'2025-2026','Validee'),
 ('INS088','ETU088',NULL,NULL,'2025-2026','Validee'),
 ('INS089','ETU089',NULL,NULL,'2025-2026','Validee'),
 ('INS090','ETU090',NULL,NULL,'2025-2026','Validee'),
 ('INS091','ETU091',NULL,NULL,'2025-2026','Validee'),
 ('INS092','ETU092',NULL,NULL,'2025-2026','Validee'),
 ('INS093','ETU093',NULL,NULL,'2025-2026','Validee'),
 ('INS094','ETU094',NULL,NULL,'2025-2026','Validee'),
 ('INS095','ETU095',NULL,NULL,'2025-2026','Validee'),
 ('INS096','ETU096',NULL,NULL,'2025-2026','Validee'),
 ('INS097','ETU097',NULL,NULL,'2025-2026','Validee'),
 ('INS098','ETU098',NULL,NULL,'2025-2026','Validee'),
 ('INS099','ETU099',NULL,NULL,'2025-2026','Validee'),
 ('INS100','ETU100',NULL,NULL,'2025-2026','Validee');

INSERT INTO note VALUES
 ('N016','ETU001','MAT001',15.31,15.25),
 ('N017','ETU001','MAT002',11.26,15.0),
 ('N018','ETU001','MAT003',18.78,16.61),
 ('N019','ETU002','MAT005',12.71,14.36),
 ('N020','ETU002','MAT002',18.53,17.23),
 ('N021','ETU002','MAT004',5.14,6.65),
 ('N022','ETU002','MAT001',8.92,15.98),
 ('N023','ETU003','MAT003',15.02,15.2),
 ('N024','ETU003','MAT004',19.08,12.01),
 ('N025','ETU003','MAT001',11.9,5.29),
 ('N026','ETU003','MAT002',4.64,10.91),
 ('N027','ETU004','MAT005',5.46,19.39),
 ('N028','ETU004','MAT003',17.38,13.2),
 ('N029','ETU004','MAT001',19.21,19.99),
 ('N030','ETU005','MAT003',11.53,14.42),
 ('N031','ETU005','MAT005',18.66,6.9),
 ('N032','ETU005','MAT001',13.37,14.16),
 ('N033','ETU005','MAT004',11.87,5.46),
 ('N034','ETU006','MAT004',14.72,17.72),
 ('N035','ETU006','MAT003',9.28,15.1),
 ('N036','ETU006','MAT005',8.61,19.12),
 ('N037','ETU007','MAT001',8.04,5.85),
 ('N038','ETU007','MAT004',16.36,17.84),
 ('N039','ETU007','MAT006',17.2,4.02),
 ('N040','ETU007','MAT002',17.91,11.39),
 ('N041','ETU008','MAT002',9.79,16.1),
 ('N042','ETU008','MAT005',14.01,16.16),
 ('N043','ETU009','MAT003',6.1,8.61),
 ('N044','ETU009','MAT005',18.09,11.76),
 ('N045','ETU010','MAT006',16.79,15.36),
 ('N046','ETU010','MAT005',8.97,4.22),
 ('N047','ETU011','MAT001',11.38,5.88),
 ('N048','ETU011','MAT002',17.31,11.97),
 ('N049','ETU011','MAT006',15.47,12.14),
 ('N050','ETU012','MAT004',7.9,12.82),
 ('N051','ETU012','MAT006',10.14,18.75),
 ('N052','ETU012','MAT005',12.13,18.07),
 ('N053','ETU013','MAT003',9.44,16.6),
 ('N054','ETU013','MAT004',8.27,4.04),
 ('N055','ETU014','MAT003',11.14,11.75),
 ('N056','ETU014','MAT005',9.32,16.21),
 ('N057','ETU014','MAT004',10.04,18.93),
 ('N058','ETU014','MAT001',17.91,19.69),
 ('N059','ETU015','MAT005',7.74,16.41),
 ('N060','ETU015','MAT004',4.7,15.92),
 ('N061','ETU016','MAT004',19.44,6.02),
 ('N062','ETU016','MAT006',19.45,9.31),
 ('N063','ETU016','MAT002',5.61,17.52),
 ('N064','ETU016','MAT005',5.6,18.57),
 ('N065','ETU017','MAT006',10.56,14.48),
 ('N066','ETU017','MAT002',6.47,11.51),
 ('N067','ETU018','MAT003',14.4,17.63),
 ('N068','ETU018','MAT005',17.64,17.75),
 ('N069','ETU018','MAT004',10.08,9.07),
 ('N070','ETU019','MAT004',5.09,14.1),
 ('N071','ETU019','MAT005',18.73,19.96),
 ('N072','ETU019','MAT001',15.95,10.94),
 ('N073','ETU019','MAT003',5.58,14.14),
 ('N074','ETU020','MAT004',15.1,18.45),
 ('N075','ETU020','MAT002',4.74,16.74),
 ('N076','ETU021','MAT003',6.33,12.5),
 ('N077','ETU021','MAT006',13.05,16.68),
 ('N078','ETU021','MAT004',6.72,5.26),
 ('N079','ETU022','MAT005',18.61,6.29),
 ('N080','ETU022','MAT002',11.38,8.06),
 ('N081','ETU022','MAT004',8.09,4.15),
 ('N082','ETU023','MAT003',5.18,19.12),
 ('N083','ETU023','MAT005',19.8,8.79),
 ('N084','ETU023','MAT002',19.39,15.05),
 ('N085','ETU024','MAT003',17.65,5.71),
 ('N086','ETU024','MAT002',10.1,9.74),
 ('N087','ETU024','MAT004',8.73,15.19),
 ('N088','ETU025','MAT006',8.39,13.05),
 ('N089','ETU025','MAT004',14.97,15.91),
 ('N090','ETU026','MAT005',17.33,18.45),
 ('N091','ETU026','MAT004',16.41,7.68),
 ('N092','ETU027','MAT002',14.84,15.53),
 ('N093','ETU027','MAT006',14.55,17.41),
 ('N094','ETU027','MAT003',14.05,18.45),
 ('N095','ETU028','MAT001',13.27,15.72),
 ('N096','ETU028','MAT003',5.44,8.72),
 ('N097','ETU028','MAT004',15.96,6.81),
 ('N098','ETU028','MAT006',6.11,12.63),
 ('N099','ETU029','MAT005',17.29,8.11),
 ('N100','ETU029','MAT006',17.2,11.71),
 ('N101','ETU029','MAT003',16.9,15.94),
 ('N102','ETU030','MAT001',6.25,19.46),
 ('N103','ETU030','MAT004',17.76,15.59),
 ('N104','ETU030','MAT006',19.68,19.48),
 ('N105','ETU031','MAT003',8.23,5.98),
 ('N106','ETU031','MAT001',9.9,15.98),
 ('N107','ETU031','MAT004',8.19,10.1),
 ('N108','ETU031','MAT005',14.22,9.94),
 ('N109','ETU032','MAT002',18.15,12.98),
 ('N110','ETU032','MAT004',18.64,7.54),
 ('N111','ETU032','MAT001',5.01,17.18),
 ('N112','ETU032','MAT003',18.55,8.84),
 ('N113','ETU033','MAT001',19.14,8.87),
 ('N114','ETU033','MAT002',11.88,5.56),
 ('N115','ETU033','MAT006',18.2,6.17),
 ('N116','ETU034','MAT003',13.4,15.63),
 ('N117','ETU034','MAT005',18.17,14.48),
 ('N118','ETU034','MAT004',17.34,13.85),
 ('N119','ETU035','MAT001',11.09,19.21),
 ('N120','ETU035','MAT003',17.69,5.59),
 ('N121','ETU035','MAT002',14.97,12.71),
 ('N122','ETU036','MAT003',7.04,5.95),
 ('N123','ETU036','MAT001',17.57,11.28),
 ('N124','ETU036','MAT004',14.6,14.27),
 ('N125','ETU036','MAT002',13.55,4.34),
 ('N126','ETU037','MAT002',5.1,16.24),
 ('N127','ETU037','MAT006',7.31,7.46),
 ('N128','ETU037','MAT005',17.92,9.26),
 ('N129','ETU038','MAT005',8.44,19.74),
 ('N130','ETU038','MAT001',19.8,12.64),
 ('N131','ETU039','MAT001',6.11,9.73),
 ('N132','ETU039','MAT006',16.61,13.42),
 ('N133','ETU040','MAT002',4.84,15.87),
 ('N134','ETU040','MAT003',12.42,15.93),
 ('N135','ETU041','MAT004',11.23,7.54),
 ('N136','ETU041','MAT003',13.84,15.64),
 ('N137','ETU041','MAT001',18.54,14.54),
 ('N138','ETU042','MAT004',19.98,17.56),
 ('N139','ETU042','MAT001',10.82,5.73),
 ('N140','ETU042','MAT005',15.4,11.1),
 ('N141','ETU043','MAT003',6.37,6.02),
 ('N142','ETU043','MAT005',13.99,13.37),
 ('N143','ETU044','MAT003',12.09,10.88),
 ('N144','ETU044','MAT004',16.69,5.83),
 ('N145','ETU044','MAT006',14.48,18.04),
 ('N146','ETU044','MAT002',12.82,17.85),
 ('N147','ETU045','MAT004',9.42,11.26),
 ('N148','ETU045','MAT002',10.66,5.52),
 ('N149','ETU045','MAT006',10.83,14.64),
 ('N150','ETU046','MAT002',5.46,5.37),
 ('N151','ETU046','MAT004',10.91,15.91),
 ('N152','ETU046','MAT001',9.96,6.08),
 ('N153','ETU047','MAT005',12.99,14.72),
 ('N154','ETU047','MAT006',10.57,17.98),
 ('N155','ETU048','MAT006',13.61,9.63),
 ('N156','ETU048','MAT001',13.25,7.4),
 ('N157','ETU048','MAT003',14.51,7.59),
 ('N158','ETU049','MAT003',9.88,16.2),
 ('N159','ETU049','MAT005',13.19,16.92),
 ('N160','ETU050','MAT005',18.87,17.27),
 ('N161','ETU050','MAT006',8.28,6.89),
 ('N162','ETU050','MAT001',15.24,8.94),
 ('N163','ETU050','MAT003',9.44,4.1),
 ('N164','ETU051','MAT005',5.11,15.86),
 ('N165','ETU051','MAT004',19.55,5.47),
 ('N166','ETU052','MAT002',9.45,9.92),
 ('N167','ETU052','MAT004',15.55,16.43),
 ('N168','ETU052','MAT005',13.08,5.36),
 ('N169','ETU052','MAT006',4.84,6.52),
 ('N170','ETU053','MAT001',14.59,11.77),
 ('N171','ETU053','MAT006',11.07,8.37),
 ('N172','ETU053','MAT003',16.08,5.82),
 ('N173','ETU053','MAT002',10.88,8.53),
 ('N174','ETU054','MAT005',7.53,19.75),
 ('N175','ETU054','MAT004',4.88,7.27),
 ('N176','ETU054','MAT003',19.13,16.28),
 ('N177','ETU054','MAT001',16.23,8.63),
 ('N178','ETU055','MAT001',15.95,6.81),
 ('N179','ETU055','MAT004',10.08,15.26),
 ('N180','ETU056','MAT005',17.79,4.68),
 ('N181','ETU056','MAT003',4.3,18.74),
 ('N182','ETU056','MAT001',17.79,13.21),
 ('N183','ETU056','MAT002',13.17,15.35),
 ('N184','ETU057','MAT003',4.33,9.2),
 ('N185','ETU057','MAT001',16.82,13.89),
 ('N186','ETU057','MAT004',17.31,18.72),
 ('N187','ETU058','MAT004',7.89,13.42),
 ('N188','ETU058','MAT001',12.38,10.33),
 ('N189','ETU059','MAT006',9.33,6.69),
 ('N190','ETU059','MAT003',12.17,5.82),
 ('N191','ETU059','MAT002',12.16,18.49),
 ('N192','ETU060','MAT003',5.64,8.1),
 ('N193','ETU060','MAT002',6.78,6.45),
 ('N194','ETU060','MAT005',16.15,5.21),
 ('N195','ETU061','MAT004',18.79,13.03),
 ('N196','ETU061','MAT006',14.16,13.99),
 ('N197','ETU061','MAT005',17.83,14.04),
 ('N198','ETU061','MAT003',6.42,5.09),
 ('N199','ETU062','MAT006',13.46,9.63),
 ('N200','ETU062','MAT003',5.19,11.39),
 ('N201','ETU062','MAT005',4.6,9.9),
 ('N202','ETU063','MAT001',11.4,12.87),
 ('N203','ETU063','MAT006',16.67,18.33),
 ('N204','ETU063','MAT004',11.2,16.96),
 ('N205','ETU064','MAT002',6.41,4.99),
 ('N206','ETU064','MAT003',5.66,18.39),
 ('N207','ETU064','MAT004',9.5,15.43),
 ('N208','ETU064','MAT005',12.07,6.76),
 ('N209','ETU065','MAT006',19.86,12.39),
 ('N210','ETU065','MAT004',13.76,9.82),
 ('N211','ETU066','MAT004',14.86,4.84),
 ('N212','ETU066','MAT006',14.09,9.35),
 ('N213','ETU066','MAT003',9.28,12.93),
 ('N214','ETU067','MAT003',9.33,13.32),
 ('N215','ETU067','MAT006',6.26,9.6),
 ('N216','ETU067','MAT002',19.48,15.18),
 ('N217','ETU068','MAT002',8.95,10.03),
 ('N218','ETU068','MAT005',16.67,17.01),
 ('N219','ETU068','MAT001',14.72,17.26),
 ('N220','ETU069','MAT006',14.73,12.14),
 ('N221','ETU069','MAT005',4.29,8.94),
 ('N222','ETU069','MAT001',19.22,9.47),
 ('N223','ETU069','MAT003',16.26,7.07),
 ('N224','ETU070','MAT002',8.73,16.61),
 ('N225','ETU070','MAT001',12.12,12.64),
 ('N226','ETU071','MAT005',6.1,10.03),
 ('N227','ETU071','MAT001',6.6,17.3),
 ('N228','ETU071','MAT003',16.34,16.94),
 ('N229','ETU071','MAT004',6.65,11.0),
 ('N230','ETU072','MAT003',13.77,16.04),
 ('N231','ETU072','MAT002',16.54,7.74),
 ('N232','ETU072','MAT004',7.83,19.45),
 ('N233','ETU073','MAT002',11.39,8.51),
 ('N234','ETU073','MAT003',10.11,12.44),
 ('N235','ETU073','MAT004',19.46,17.07),
 ('N236','ETU074','MAT002',11.69,9.94),
 ('N237','ETU074','MAT003',18.95,15.38),
 ('N238','ETU074','MAT001',12.25,5.99),
 ('N239','ETU074','MAT005',5.34,6.56),
 ('N240','ETU075','MAT005',5.47,18.57),
 ('N241','ETU075','MAT002',17.07,18.15),
 ('N242','ETU075','MAT004',18.89,10.64),
 ('N243','ETU076','MAT005',10.18,5.31),
 ('N244','ETU076','MAT003',7.59,9.1),
 ('N245','ETU076','MAT002',5.59,15.44),
 ('N246','ETU077','MAT002',8.59,17.28),
 ('N247','ETU077','MAT006',15.14,6.22),
 ('N248','ETU077','MAT001',15.29,11.18),
 ('N249','ETU078','MAT001',8.09,17.36),
 ('N250','ETU078','MAT006',12.78,15.64),
 ('N251','ETU079','MAT004',8.82,4.76),
 ('N252','ETU079','MAT001',10.72,16.7),
 ('N253','ETU079','MAT003',11.31,5.77),
 ('N254','ETU079','MAT005',18.48,13.55),
 ('N255','ETU080','MAT006',13.2,15.5),
 ('N256','ETU080','MAT005',8.66,4.03),
 ('N257','ETU081','MAT002',7.0,14.69),
 ('N258','ETU081','MAT005',12.38,9.77),
 ('N259','ETU081','MAT004',19.25,12.71),
 ('N260','ETU082','MAT005',4.7,10.19),
 ('N261','ETU082','MAT001',9.97,15.96),
 ('N262','ETU082','MAT004',9.71,5.08),
 ('N263','ETU082','MAT002',7.86,14.51),
 ('N264','ETU083','MAT005',6.13,9.64),
 ('N265','ETU083','MAT003',9.42,14.28),
 ('N266','ETU084','MAT004',5.01,16.42),
 ('N267','ETU084','MAT006',11.32,8.7),
 ('N268','ETU084','MAT002',4.7,7.19),
 ('N269','ETU084','MAT001',4.67,18.93),
 ('N270','ETU085','MAT004',4.59,14.35),
 ('N271','ETU085','MAT005',8.58,17.79),
 ('N272','ETU085','MAT006',4.76,14.49),
 ('N273','ETU085','MAT002',8.37,16.79),
 ('N274','ETU086','MAT004',9.42,6.99),
 ('N275','ETU086','MAT006',15.07,9.88),
 ('N276','ETU086','MAT005',16.76,8.27),
 ('N277','ETU087','MAT006',5.26,13.64),
 ('N278','ETU087','MAT004',17.16,12.73),
 ('N279','ETU088','MAT001',14.57,8.9),
 ('N280','ETU088','MAT006',13.64,10.82),
 ('N281','ETU088','MAT003',15.04,9.62),
 ('N282','ETU089','MAT006',13.84,10.96),
 ('N283','ETU089','MAT003',14.23,16.66),
 ('N284','ETU090','MAT001',9.81,16.82),
 ('N285','ETU090','MAT004',14.87,19.24),
 ('N286','ETU091','MAT005',4.56,5.08),
 ('N287','ETU091','MAT004',16.46,9.86),
 ('N288','ETU092','MAT005',14.86,19.18),
 ('N289','ETU092','MAT001',9.95,16.21),
 ('N290','ETU092','MAT002',13.18,12.47),
 ('N291','ETU093','MAT003',19.37,4.41),
 ('N292','ETU093','MAT006',6.98,12.28),
 ('N293','ETU093','MAT002',18.62,5.88),
 ('N294','ETU094','MAT006',19.94,8.57),
 ('N295','ETU094','MAT004',18.66,11.86),
 ('N296','ETU094','MAT002',5.96,17.65),
 ('N297','ETU095','MAT002',16.97,19.48),
 ('N298','ETU095','MAT004',19.79,14.69),
 ('N299','ETU095','MAT001',15.35,12.8),
 ('N300','ETU096','MAT003',16.7,12.14),
 ('N301','ETU096','MAT002',5.94,7.22),
 ('N302','ETU096','MAT005',6.22,16.65),
 ('N303','ETU097','MAT003',13.16,11.48),
 ('N304','ETU097','MAT005',19.73,6.08),
 ('N305','ETU098','MAT001',10.37,15.47),
 ('N306','ETU098','MAT003',11.66,10.57),
 ('N307','ETU099','MAT005',19.56,14.28),
 ('N308','ETU099','MAT001',11.2,14.88),
 ('N309','ETU099','MAT002',9.51,18.05),
 ('N310','ETU100','MAT006',10.92,18.57),
 ('N311','ETU100','MAT005',4.89,5.99),
 ('N312','ETU100','MAT002',6.45,6.63),
 ('N313','ETU100','MAT001',9.16,15.35);

INSERT INTO absence VALUES
 ('ABS011','ETU001','MAT005','2025-11-12',6,TRUE),
 ('ABS012','ETU001','MAT003','2025-10-21',4,FALSE),
 ('ABS013','ETU002','MAT006','2025-11-17',4,TRUE),
 ('ABS014','ETU003','MAT006','2025-10-14',4,TRUE),
 ('ABS015','ETU003','MAT002','2026-02-16',4,FALSE),
 ('ABS016','ETU003','MAT005','2025-09-11',6,TRUE),
 ('ABS017','ETU003','MAT001','2025-09-12',4,FALSE),
 ('ABS018','ETU004','MAT002','2026-01-25',3,TRUE),
 ('ABS019','ETU004','MAT004','2026-02-08',4,FALSE),
 ('ABS020','ETU004','MAT006','2025-11-17',3,TRUE),
 ('ABS021','ETU004','MAT006','2025-12-13',2,FALSE),
 ('ABS022','ETU004','MAT001','2026-02-24',1,TRUE),
 ('ABS023','ETU005','MAT004','2026-01-02',3,TRUE),
 ('ABS024','ETU005','MAT003','2026-02-03',2,FALSE),
 ('ABS025','ETU005','MAT006','2025-11-21',4,FALSE),
 ('ABS026','ETU006','MAT002','2025-12-04',4,TRUE),
 ('ABS027','ETU006','MAT003','2025-11-01',3,TRUE),
 ('ABS028','ETU006','MAT003','2025-12-25',2,TRUE),
 ('ABS029','ETU009','MAT004','2026-02-05',3,TRUE),
 ('ABS030','ETU009','MAT002','2025-11-23',4,FALSE),
 ('ABS031','ETU010','MAT002','2026-01-06',4,FALSE),
 ('ABS032','ETU011','MAT003','2026-01-06',1,TRUE),
 ('ABS033','ETU011','MAT004','2026-01-08',3,TRUE),
 ('ABS034','ETU011','MAT002','2026-01-28',2,TRUE),
 ('ABS035','ETU013','MAT004','2026-01-31',6,FALSE),
 ('ABS036','ETU013','MAT003','2026-01-16',1,TRUE),
 ('ABS037','ETU014','MAT002','2025-11-07',4,FALSE),
 ('ABS038','ETU014','MAT004','2025-12-03',1,FALSE),
 ('ABS039','ETU014','MAT001','2026-01-24',4,TRUE),
 ('ABS040','ETU015','MAT005','2025-11-13',1,FALSE),
 ('ABS041','ETU015','MAT005','2025-12-25',6,FALSE),
 ('ABS042','ETU016','MAT006','2026-02-04',1,TRUE),
 ('ABS043','ETU016','MAT001','2025-12-10',2,FALSE),
 ('ABS044','ETU016','MAT005','2025-12-03',6,TRUE),
 ('ABS045','ETU016','MAT002','2026-02-02',4,FALSE),
 ('ABS046','ETU017','MAT001','2025-09-12',1,TRUE),
 ('ABS047','ETU017','MAT006','2025-11-25',6,FALSE),
 ('ABS048','ETU017','MAT005','2025-12-26',2,TRUE),
 ('ABS049','ETU017','MAT003','2026-02-04',2,TRUE),
 ('ABS050','ETU018','MAT005','2025-11-16',4,FALSE),
 ('ABS051','ETU018','MAT005','2026-01-09',4,FALSE),
 ('ABS052','ETU018','MAT006','2026-01-23',2,FALSE),
 ('ABS053','ETU020','MAT003','2026-02-20',1,FALSE),
 ('ABS054','ETU020','MAT005','2025-11-18',6,TRUE),
 ('ABS055','ETU021','MAT004','2025-11-07',4,TRUE),
 ('ABS056','ETU021','MAT006','2025-09-14',4,FALSE),
 ('ABS057','ETU021','MAT002','2026-01-13',4,FALSE),
 ('ABS058','ETU021','MAT002','2026-02-22',2,TRUE),
 ('ABS059','ETU022','MAT006','2025-09-29',2,TRUE),
 ('ABS060','ETU022','MAT004','2025-11-20',3,TRUE),
 ('ABS061','ETU022','MAT004','2026-02-24',2,FALSE),
 ('ABS062','ETU022','MAT005','2026-02-04',3,TRUE),
 ('ABS063','ETU023','MAT002','2026-01-11',2,FALSE),
 ('ABS064','ETU023','MAT006','2026-01-01',4,FALSE),
 ('ABS065','ETU023','MAT003','2025-10-15',3,FALSE),
 ('ABS066','ETU023','MAT005','2025-11-30',4,FALSE),
 ('ABS067','ETU023','MAT005','2026-01-02',2,TRUE),
 ('ABS068','ETU024','MAT005','2025-11-16',2,FALSE),
 ('ABS069','ETU024','MAT003','2026-02-28',2,FALSE),
 ('ABS070','ETU025','MAT004','2025-11-29',4,FALSE),
 ('ABS071','ETU025','MAT003','2025-10-02',4,FALSE),
 ('ABS072','ETU026','MAT003','2025-10-08',2,TRUE),
 ('ABS073','ETU026','MAT003','2025-09-21',2,FALSE),
 ('ABS074','ETU026','MAT006','2025-11-05',4,FALSE),
 ('ABS075','ETU027','MAT002','2026-01-16',2,FALSE),
 ('ABS076','ETU028','MAT001','2026-02-05',4,TRUE),
 ('ABS077','ETU029','MAT001','2026-02-19',4,TRUE),
 ('ABS078','ETU030','MAT002','2025-09-14',1,FALSE),
 ('ABS079','ETU030','MAT003','2025-12-30',1,TRUE),
 ('ABS080','ETU030','MAT001','2026-01-19',2,FALSE),
 ('ABS081','ETU030','MAT006','2025-12-31',3,TRUE),
 ('ABS082','ETU030','MAT003','2025-11-22',2,TRUE),
 ('ABS083','ETU032','MAT005','2025-10-30',4,TRUE),
 ('ABS084','ETU032','MAT002','2025-12-16',6,TRUE),
 ('ABS085','ETU032','MAT001','2025-12-11',6,FALSE),
 ('ABS086','ETU032','MAT002','2025-11-14',1,TRUE),
 ('ABS087','ETU032','MAT003','2026-01-24',4,TRUE),
 ('ABS088','ETU033','MAT003','2025-12-26',4,FALSE),
 ('ABS089','ETU033','MAT002','2026-01-08',3,FALSE),
 ('ABS090','ETU034','MAT001','2025-11-24',2,FALSE),
 ('ABS091','ETU035','MAT003','2025-10-18',1,FALSE),
 ('ABS092','ETU035','MAT003','2026-01-24',4,TRUE),
 ('ABS093','ETU035','MAT002','2026-02-04',6,FALSE),
 ('ABS094','ETU035','MAT004','2026-01-10',2,TRUE),
 ('ABS095','ETU035','MAT004','2026-02-19',1,TRUE),
 ('ABS096','ETU036','MAT004','2025-11-22',2,TRUE),
 ('ABS097','ETU037','MAT004','2025-10-31',3,FALSE),
 ('ABS098','ETU037','MAT003','2025-11-17',4,TRUE),
 ('ABS099','ETU038','MAT006','2025-12-02',4,TRUE),
 ('ABS100','ETU038','MAT001','2026-02-18',1,FALSE),
 ('ABS101','ETU039','MAT002','2025-12-13',4,FALSE),
 ('ABS102','ETU039','MAT006','2025-10-01',4,FALSE),
 ('ABS103','ETU040','MAT005','2025-10-27',2,TRUE),
 ('ABS104','ETU040','MAT004','2025-10-10',3,FALSE),
 ('ABS105','ETU041','MAT006','2026-01-19',3,TRUE),
 ('ABS106','ETU041','MAT002','2026-02-22',6,TRUE),
 ('ABS107','ETU041','MAT005','2025-12-24',4,FALSE),
 ('ABS108','ETU043','MAT001','2025-09-16',6,TRUE),
 ('ABS109','ETU043','MAT005','2026-01-16',2,TRUE),
 ('ABS110','ETU043','MAT003','2026-01-12',3,TRUE),
 ('ABS111','ETU043','MAT006','2025-10-23',4,FALSE),
 ('ABS112','ETU045','MAT004','2025-09-15',3,TRUE),
 ('ABS113','ETU045','MAT005','2025-12-16',3,TRUE),
 ('ABS114','ETU045','MAT005','2025-12-28',4,FALSE),
 ('ABS115','ETU045','MAT006','2025-09-06',3,FALSE),
 ('ABS116','ETU047','MAT002','2026-01-27',1,TRUE),
 ('ABS117','ETU047','MAT004','2025-11-28',4,TRUE),
 ('ABS118','ETU047','MAT005','2025-09-16',1,FALSE),
 ('ABS119','ETU047','MAT001','2025-11-13',3,TRUE),
 ('ABS120','ETU047','MAT002','2026-02-12',4,FALSE),
 ('ABS121','ETU048','MAT004','2025-12-24',6,FALSE),
 ('ABS122','ETU048','MAT004','2025-09-21',4,TRUE),
 ('ABS123','ETU049','MAT003','2025-10-01',2,FALSE),
 ('ABS124','ETU049','MAT005','2025-10-03',4,TRUE),
 ('ABS125','ETU049','MAT001','2025-09-06',2,FALSE),
 ('ABS126','ETU049','MAT006','2026-01-18',3,FALSE),
 ('ABS127','ETU049','MAT002','2025-11-03',3,FALSE),
 ('ABS128','ETU050','MAT003','2025-10-19',4,TRUE),
 ('ABS129','ETU052','MAT004','2026-02-05',6,TRUE),
 ('ABS130','ETU052','MAT002','2025-10-23',1,TRUE),
 ('ABS131','ETU052','MAT005','2025-09-09',3,TRUE),
 ('ABS132','ETU052','MAT002','2025-09-12',3,FALSE),
 ('ABS133','ETU052','MAT002','2026-01-17',2,TRUE),
 ('ABS134','ETU053','MAT005','2025-11-14',2,FALSE),
 ('ABS135','ETU054','MAT005','2026-02-20',6,FALSE),
 ('ABS136','ETU054','MAT002','2025-11-17',2,TRUE),
 ('ABS137','ETU054','MAT004','2025-11-16',2,TRUE),
 ('ABS138','ETU054','MAT005','2026-01-30',4,TRUE),
 ('ABS139','ETU055','MAT006','2025-12-19',4,FALSE),
 ('ABS140','ETU055','MAT001','2025-11-28',4,FALSE),
 ('ABS141','ETU055','MAT005','2025-11-21',4,FALSE),
 ('ABS142','ETU055','MAT004','2025-10-09',2,FALSE),
 ('ABS143','ETU055','MAT002','2026-01-16',3,TRUE),
 ('ABS144','ETU056','MAT003','2025-10-07',6,FALSE),
 ('ABS145','ETU058','MAT004','2025-12-16',4,TRUE),
 ('ABS146','ETU058','MAT004','2025-11-02',2,TRUE),
 ('ABS147','ETU058','MAT003','2026-02-13',1,FALSE),
 ('ABS148','ETU058','MAT003','2025-09-24',4,TRUE),
 ('ABS149','ETU060','MAT004','2026-02-20',4,TRUE),
 ('ABS150','ETU060','MAT001','2025-10-19',6,TRUE),
 ('ABS151','ETU061','MAT002','2025-11-25',2,TRUE),
 ('ABS152','ETU061','MAT002','2025-10-19',4,TRUE),
 ('ABS153','ETU061','MAT006','2026-01-01',2,TRUE),
 ('ABS154','ETU062','MAT002','2026-01-20',2,FALSE),
 ('ABS155','ETU062','MAT004','2025-12-29',4,FALSE),
 ('ABS156','ETU062','MAT003','2025-11-06',2,FALSE),
 ('ABS157','ETU063','MAT001','2025-12-30',6,FALSE),
 ('ABS158','ETU063','MAT002','2025-12-04',2,FALSE),
 ('ABS159','ETU063','MAT001','2026-01-23',6,TRUE),
 ('ABS160','ETU064','MAT002','2025-09-05',2,FALSE),
 ('ABS161','ETU064','MAT003','2025-10-10',2,FALSE),
 ('ABS162','ETU064','MAT002','2025-12-07',4,TRUE),
 ('ABS163','ETU064','MAT004','2026-01-19',4,FALSE),
 ('ABS164','ETU064','MAT003','2026-01-04',4,FALSE),
 ('ABS165','ETU065','MAT002','2025-11-30',2,TRUE),
 ('ABS166','ETU065','MAT006','2026-01-18',3,TRUE),
 ('ABS167','ETU065','MAT005','2026-02-12',1,TRUE),
 ('ABS168','ETU067','MAT001','2025-09-02',3,TRUE),
 ('ABS169','ETU067','MAT006','2025-10-30',1,TRUE),
 ('ABS170','ETU067','MAT001','2025-10-26',4,FALSE),
 ('ABS171','ETU067','MAT003','2025-09-16',4,FALSE),
 ('ABS172','ETU067','MAT006','2026-01-03',1,TRUE),
 ('ABS173','ETU068','MAT005','2025-12-15',1,TRUE),
 ('ABS174','ETU068','MAT005','2025-11-10',4,FALSE),
 ('ABS175','ETU068','MAT001','2026-01-07',6,FALSE),
 ('ABS176','ETU068','MAT002','2025-09-28',1,TRUE),
 ('ABS177','ETU069','MAT002','2026-02-06',4,FALSE),
 ('ABS178','ETU070','MAT003','2025-12-11',1,FALSE),
 ('ABS179','ETU070','MAT004','2025-12-27',4,TRUE),
 ('ABS180','ETU071','MAT002','2025-11-16',4,TRUE),
 ('ABS181','ETU071','MAT006','2026-02-14',6,TRUE),
 ('ABS182','ETU071','MAT001','2025-12-13',3,FALSE),
 ('ABS183','ETU071','MAT005','2025-12-31',1,TRUE),
 ('ABS184','ETU071','MAT006','2025-10-14',1,FALSE),
 ('ABS185','ETU072','MAT006','2025-11-24',4,TRUE),
 ('ABS186','ETU072','MAT005','2025-09-11',2,TRUE),
 ('ABS187','ETU072','MAT006','2026-01-24',3,FALSE),
 ('ABS188','ETU075','MAT003','2026-01-18',4,TRUE),
 ('ABS189','ETU075','MAT002','2025-11-20',1,TRUE),
 ('ABS190','ETU075','MAT005','2025-10-07',6,FALSE),
 ('ABS191','ETU075','MAT001','2025-11-16',2,TRUE),
 ('ABS192','ETU075','MAT005','2025-12-09',4,FALSE),
 ('ABS193','ETU076','MAT006','2025-10-06',6,TRUE),
 ('ABS194','ETU076','MAT005','2025-11-28',1,TRUE),
 ('ABS195','ETU076','MAT004','2025-10-30',6,TRUE),
 ('ABS196','ETU077','MAT005','2026-02-05',4,FALSE),
 ('ABS197','ETU077','MAT003','2025-09-08',4,FALSE),
 ('ABS198','ETU078','MAT004','2025-10-29',2,FALSE),
 ('ABS199','ETU078','MAT004','2025-10-18',4,FALSE),
 ('ABS200','ETU078','MAT001','2026-02-06',2,TRUE),
 ('ABS201','ETU079','MAT001','2025-09-22',2,TRUE),
 ('ABS202','ETU079','MAT004','2026-02-10',2,FALSE),
 ('ABS203','ETU079','MAT003','2025-12-02',1,TRUE),
 ('ABS204','ETU079','MAT001','2025-11-18',3,FALSE),
 ('ABS205','ETU079','MAT003','2025-09-27',2,TRUE),
 ('ABS206','ETU080','MAT004','2025-12-24',4,FALSE),
 ('ABS207','ETU084','MAT005','2025-09-24',4,FALSE),
 ('ABS208','ETU084','MAT004','2025-09-04',2,FALSE),
 ('ABS209','ETU085','MAT001','2026-01-22',2,TRUE),
 ('ABS210','ETU085','MAT006','2025-12-07',2,TRUE),
 ('ABS211','ETU085','MAT003','2025-11-17',2,FALSE),
 ('ABS212','ETU086','MAT001','2025-10-13',3,FALSE),
 ('ABS213','ETU087','MAT003','2026-01-02',6,TRUE),
 ('ABS214','ETU087','MAT003','2025-11-04',2,FALSE),
 ('ABS215','ETU087','MAT005','2026-02-05',2,FALSE),
 ('ABS216','ETU089','MAT003','2025-09-02',3,FALSE),
 ('ABS217','ETU090','MAT004','2025-11-24',3,FALSE),
 ('ABS218','ETU090','MAT004','2026-02-14',4,TRUE),
 ('ABS219','ETU090','MAT003','2025-11-22',4,TRUE),
 ('ABS220','ETU090','MAT004','2025-11-20',2,FALSE),
 ('ABS221','ETU091','MAT003','2026-02-25',4,FALSE),
 ('ABS222','ETU091','MAT005','2025-11-02',2,FALSE),
 ('ABS223','ETU092','MAT004','2025-12-03',1,TRUE),
 ('ABS224','ETU092','MAT005','2026-01-18',2,TRUE),
 ('ABS225','ETU093','MAT004','2025-10-24',3,FALSE),
 ('ABS226','ETU093','MAT006','2025-09-18',6,FALSE),
 ('ABS227','ETU093','MAT006','2026-01-06',2,FALSE),
 ('ABS228','ETU093','MAT002','2025-11-04',4,TRUE),
 ('ABS229','ETU093','MAT006','2025-12-18',6,FALSE),
 ('ABS230','ETU095','MAT005','2026-01-01',4,FALSE),
 ('ABS231','ETU095','MAT005','2026-01-08',6,FALSE),
 ('ABS232','ETU095','MAT005','2025-09-10',6,FALSE),
 ('ABS233','ETU096','MAT005','2026-01-31',4,TRUE),
 ('ABS234','ETU096','MAT001','2025-11-03',4,FALSE),
 ('ABS235','ETU096','MAT002','2026-02-13',4,TRUE),
 ('ABS236','ETU096','MAT005','2026-02-13',4,FALSE),
 ('ABS237','ETU096','MAT003','2025-12-20',1,TRUE),
 ('ABS238','ETU098','MAT002','2026-01-09',4,TRUE),
 ('ABS239','ETU098','MAT004','2025-12-05',3,FALSE),
 ('ABS240','ETU099','MAT005','2026-02-24',4,TRUE),
 ('ABS241','ETU099','MAT003','2025-09-07',3,TRUE),
 ('ABS242','ETU099','MAT003','2025-12-16',1,TRUE),
 ('ABS243','ETU099','MAT006','2025-10-07',2,FALSE),
 ('ABS244','ETU099','MAT003','2025-12-26',6,TRUE),
 ('ABS245','ETU100','MAT004','2025-11-29',3,TRUE),
 ('ABS246','ETU100','MAT004','2026-02-26',3,FALSE),
 ('ABS247','ETU100','MAT001','2025-11-16',1,TRUE),
 ('ABS248','ETU100','MAT001','2025-11-27',4,TRUE);

INSERT INTO paiement VALUES
 ('PAY011','ETU011',1000000,951000,'2025-09-17','Banque'),
 ('PAY012','ETU012',1000000,532000,'2025-10-15','Banque'),
 ('PAY013','ETU013',1500000,1111000,'2025-09-21','Cheque'),
 ('PAY014','ETU014',1500000,481000,'2025-09-15','Cheque'),
 ('PAY015','ETU015',1500000,455000,'2025-09-07','Especes'),
 ('PAY016','ETU016',800000,563000,'2025-09-12','Especes'),
 ('PAY017','ETU017',1000000,620000,'2025-10-22','Cheque'),
 ('PAY018','ETU018',1200000,861000,'2025-10-19','Mobile Money'),
 ('PAY019','ETU019',1200000,656000,'2025-10-20','Banque'),
 ('PAY020','ETU020',1200000,1132000,'2025-09-22','Banque'),
 ('PAY021','ETU021',1200000,459000,'2025-10-04','Banque'),
 ('PAY022','ETU022',1200000,942000,'2025-10-14','Banque'),
 ('PAY023','ETU023',1500000,894000,'2025-10-21','Banque'),
 ('PAY024','ETU024',1000000,643000,'2025-09-06','Especes'),
 ('PAY025','ETU025',1500000,1100000,'2025-10-01','Cheque'),
 ('PAY026','ETU026',1000000,437000,'2025-10-18','Cheque'),
 ('PAY027','ETU027',1500000,1169000,'2025-10-23','Cheque'),
 ('PAY028','ETU028',1500000,626000,'2025-09-26','Banque'),
 ('PAY029','ETU029',1200000,387000,'2025-09-18','Especes'),
 ('PAY030','ETU030',1000000,847000,'2025-10-18','Mobile Money'),
 ('PAY031','ETU031',800000,390000,'2025-10-18','Mobile Money'),
 ('PAY032','ETU032',1500000,1024000,'2025-10-04','Banque'),
 ('PAY033','ETU033',1200000,1095000,'2025-09-15','Especes'),
 ('PAY034','ETU034',1200000,1084000,'2025-09-15','Mobile Money'),
 ('PAY035','ETU035',1000000,447000,'2025-10-28','Cheque'),
 ('PAY036','ETU036',1000000,731000,'2025-09-27','Banque'),
 ('PAY037','ETU037',800000,559000,'2025-10-20','Banque'),
 ('PAY038','ETU038',1200000,1182000,'2025-10-10','Especes'),
 ('PAY039','ETU039',800000,316000,'2025-10-02','Especes'),
 ('PAY040','ETU040',1000000,791000,'2025-09-08','Banque'),
 ('PAY041','ETU041',1200000,1056000,'2025-10-16','Banque'),
 ('PAY042','ETU042',1200000,887000,'2025-10-15','Mobile Money'),
 ('PAY043','ETU043',800000,466000,'2025-10-23','Especes'),
 ('PAY044','ETU044',1500000,1448000,'2025-10-19','Mobile Money'),
 ('PAY045','ETU045',800000,649000,'2025-10-21','Especes'),
 ('PAY046','ETU046',800000,686000,'2025-10-07','Cheque'),
 ('PAY047','ETU047',1000000,646000,'2025-10-27','Especes'),
 ('PAY048','ETU048',1200000,820000,'2025-09-19','Cheque'),
 ('PAY049','ETU049',1200000,1111000,'2025-09-02','Mobile Money'),
 ('PAY050','ETU050',1500000,467000,'2025-09-15','Cheque'),
 ('PAY051','ETU051',800000,795000,'2025-10-07','Banque'),
 ('PAY052','ETU052',1200000,494000,'2025-10-03','Especes'),
 ('PAY053','ETU053',1200000,429000,'2025-09-02','Cheque'),
 ('PAY054','ETU054',1200000,970000,'2025-09-14','Mobile Money'),
 ('PAY055','ETU055',800000,241000,'2025-10-03','Banque'),
 ('PAY056','ETU056',1000000,664000,'2025-10-01','Mobile Money'),
 ('PAY057','ETU057',1200000,1046000,'2025-10-23','Banque'),
 ('PAY058','ETU058',1500000,524000,'2025-10-03','Mobile Money'),
 ('PAY059','ETU059',800000,415000,'2025-10-05','Cheque'),
 ('PAY060','ETU060',1000000,749000,'2025-09-03','Mobile Money'),
 ('PAY061','ETU061',1000000,608000,'2025-09-21','Banque'),
 ('PAY062','ETU062',1500000,1097000,'2025-10-28','Banque'),
 ('PAY063','ETU063',800000,742000,'2025-09-25','Mobile Money'),
 ('PAY064','ETU064',1500000,819000,'2025-10-11','Banque'),
 ('PAY065','ETU065',1000000,494000,'2025-09-08','Especes'),
 ('PAY066','ETU066',800000,715000,'2025-10-07','Banque'),
 ('PAY067','ETU067',1500000,760000,'2025-09-26','Banque'),
 ('PAY068','ETU068',1500000,855000,'2025-09-16','Mobile Money'),
 ('PAY069','ETU069',800000,793000,'2025-10-05','Cheque'),
 ('PAY070','ETU070',1500000,834000,'2025-09-25','Cheque'),
 ('PAY071','ETU071',800000,249000,'2025-09-01','Especes'),
 ('PAY072','ETU072',1000000,328000,'2025-09-26','Cheque'),
 ('PAY073','ETU073',1200000,888000,'2025-10-14','Cheque'),
 ('PAY074','ETU074',800000,599000,'2025-09-09','Mobile Money'),
 ('PAY075','ETU075',1200000,426000,'2025-09-26','Banque'),
 ('PAY076','ETU076',1200000,688000,'2025-09-10','Cheque'),
 ('PAY077','ETU077',1000000,341000,'2025-09-14','Mobile Money'),
 ('PAY078','ETU078',1500000,1093000,'2025-09-10','Banque'),
 ('PAY079','ETU079',800000,247000,'2025-09-23','Mobile Money'),
 ('PAY080','ETU080',1000000,647000,'2025-10-17','Especes'),
 ('PAY081','ETU081',1000000,560000,'2025-10-24','Mobile Money'),
 ('PAY082','ETU082',800000,428000,'2025-10-09','Mobile Money'),
 ('PAY083','ETU083',1200000,958000,'2025-09-16','Cheque'),
 ('PAY084','ETU084',1200000,407000,'2025-09-12','Banque'),
 ('PAY085','ETU085',1200000,1010000,'2025-09-08','Mobile Money'),
 ('PAY086','ETU086',800000,721000,'2025-09-08','Mobile Money'),
 ('PAY087','ETU087',1500000,832000,'2025-09-06','Mobile Money'),
 ('PAY088','ETU088',1500000,686000,'2025-09-14','Especes'),
 ('PAY089','ETU089',1200000,1054000,'2025-10-04','Mobile Money'),
 ('PAY090','ETU090',1000000,456000,'2025-09-13','Mobile Money'),
 ('PAY091','ETU091',1500000,1359000,'2025-10-11','Mobile Money'),
 ('PAY092','ETU092',1500000,458000,'2025-09-10','Especes'),
 ('PAY093','ETU093',1000000,625000,'2025-10-25','Banque'),
 ('PAY094','ETU094',1000000,405000,'2025-10-01','Banque'),
 ('PAY095','ETU095',1200000,894000,'2025-09-11','Mobile Money'),
 ('PAY096','ETU096',1500000,1341000,'2025-10-04','Banque'),
 ('PAY097','ETU097',1000000,594000,'2025-09-05','Especes'),
 ('PAY098','ETU098',800000,265000,'2025-09-28','Cheque'),
 ('PAY099','ETU099',1200000,745000,'2025-09-19','Mobile Money'),
 ('PAY100','ETU100',1000000,746000,'2025-10-03','Mobile Money');

INSERT INTO seance_cours VALUES
 ('SEA007','MAT004','ENS002','SAL002','Lundi','08:00','10:00','Informatique','M2'),
 ('SEA008','MAT003','ENS003','SAL003','Lundi','08:00','10:00','Data Science','M2'),
 ('SEA009','MAT003','ENS004','SAL004','Lundi','08:00','10:00','Data Science','M1'),
 ('SEA010','MAT001','ENS002','SAL005','Lundi','08:00','10:00','Informatique','M1'),
 ('SEA011','MAT002','ENS001','SAL001','Lundi','10:00','12:00','Informatique','M2'),
 ('SEA012','MAT004','ENS003','SAL002','Lundi','10:00','12:00','Data Science','M1'),
 ('SEA013','MAT005','ENS003','SAL003','Lundi','10:00','12:00','Informatique','M2'),
 ('SEA014','MAT003','ENS004','SAL004','Lundi','10:00','12:00','Data Science','M1'),
 ('SEA015','MAT001','ENS002','SAL005','Lundi','10:00','12:00','Cybersecurite','M2'),
 ('SEA016','MAT006','ENS005','SAL001','Lundi','13:00','15:00','Informatique','M1'),
 ('SEA017','MAT003','ENS002','SAL002','Lundi','13:00','15:00','Informatique','M1'),
 ('SEA018','MAT003','ENS004','SAL003','Lundi','13:00','15:00','Cybersecurite','M1'),
 ('SEA019','MAT006','ENS003','SAL004','Lundi','13:00','15:00','Data Science','M1'),
 ('SEA020','MAT001','ENS004','SAL005','Lundi','13:00','15:00','Data Science','M1'),
 ('SEA021','MAT001','ENS004','SAL001','Lundi','15:00','17:00','Informatique','M1');